<?xml version="1.0" encoding="utf-8"?>
<extension type="component" version="3.0" method="upgrade">
<name>Joommark</name>
<creationDate>07-09-2015</creationDate>
<author>Jose A. Luque, Astrid Günther</author>
<authorEmail>contacto@protegetuordenador.com</authorEmail>
<authorUrl>http://www.protegetuordenador.com</authorUrl>
<copyright>Copyright www.protegetuordenador.com</copyright>
<license>GNU/GPL v2 or later http://www.gnu.org/licenses/gpl-2.0.html</license>
<version>1.0.0</version>
<description>Joommark</description> 

<!-- Runs on install/uninstall/update; New in 1.6 -->
	<scriptfile>install.php</scriptfile>

 <install>
        <sql>
            <file charset="utf8" driver="mysql">sql/install.mysql.utf8.sql</file>
        </sql>
    </install>
    <uninstall>
        <sql>
            <file charset="utf8" driver="mysql">sql/uninstall.mysql.utf8.sql</file>
        </sql>
    </uninstall>
    <update>
        <schemas>
            <schemapath type="mysql">sql/updates</schemapath>
        </schemas>
    </update>

<media destination="com_joommark" folder="media">
	<folder>images</folder>
	<folder>stylesheets</folder>
	<folder>fonts</folder>
	<folder>javascript</folder>
</media>

<administration>
 <menu>COM_NAME</menu>
<!-- Administration Main File Copy Section -->
<files folder="admin">
<filename>joommark.php</filename>
<filename>config.xml</filename>
<filename>access.xml</filename>
<folder>controllers</folder>
<folder>language</folder>
<folder>library</folder>
<folder>models</folder>
<folder>sql</folder>
<folder>helpers</folder>
<folder>views</folder>
</files>

<!-- Languages Section -->
<languages folder="admin">
	<language tag="en-GB">language/en-GB/en-GB.com_joommark.ini</language>
	<language tag="en-GB">language/en-GB/en-GB.com_joommark.sys.ini</language>
	<language tag="es-ES">language/es-ES/es-ES.com_joommark.ini</language>
	<language tag="es-ES">language/es-ES/es-ES.com_joommark.sys.ini</language>
	<language tag="de-DE">language/de-DE/de-DE.com_joommark.ini</language>
	<language tag="de-DE">language/de-DE/de-DE.com_joommark.sys.ini</language>	
</languages>
</administration>

<plugins>
       <plugin folder="plugins/system" plugin="tracker" name="System - Tracker" group="system" />	  
</plugins>
	
<updateservers>
	<server type="extension" priority="1" name="Joommark Update Site"><![CDATA[http://securitycheck.protegetuordenador.com/update/updates_joommark.xml]]></server>
</updateservers>
</extension>